Workbook

Sheet 개요
A1: 파일(말뚝)공사 정산 검토서
A2: PHC φ500 A종 · 작성 2026. 9. 26.
A4: 1. 공사 개요
A5: 공사명
A6: 발주기관
A7: 계약상대자
A8: 파일 시공업체
A9: 파일 규격 | B9: PHC φ500 A종
A10: 공법 | B10: SIP(매입말뚝)
A11: 검토 일자
A12: 작성자(감독)
A14: 2. 정산 기준
A15: 두부정리 여유 인정 길이(m) | B15: 0.5
A16: 파일 자재 조달 구분(관급/사급) | B16: 관급
A17: 자재 인정 길이 = MIN(반입길이, 근입깊이 + 두부정리 여유). 노란 칸은 입력값, 흰 칸은 자동 계산입니다.
A19: 3. 정산 요약
A20: 시공 본수(본) | B20: 0
A21: 근입 길이 계(m) | B21: 0
A22: 설계 근입 길이(m) | B22: ='수량·금액 정산'!C8 -> 0
A23: 자재 공제 대상(m) | B23: 0
A24: 직접공사비 증감(원) | B24: ='수량·금액 정산'!H14 -> 0
A25: 제경비(원) | B25: ='수량·금액 정산'!H15 -> 0
A26: 부가가치세(원) | B26: ='수량·금액 정산'!H16 -> 0
A27: 정산 증감 합계(원) | B27: ='수량·금액 정산'!H17 -> 0

Sheet 본별 항타기록
A1: 본별 항타기록 집계
A2: PHC φ500 A종 · 작성 2026. 9. 26.
A3: 두부정리 여유 0.5 m 기준 · 단위 m (최종관입량 mm)
A4: 말뚝번호 | B4: 설계길이 | C4: 천공 토사 | D4: 천공 풍화암 | E4: 천공 연암↑ | F4: 천공 계 | G4: 근입깊이 | H4: 반입길이 | I4: 절단길이 | J4: 자재인정 | K4: 자재공제 | L4: 이음 | M4: 최종 관입량 | N4: 판정
A5: 계 (입력 없음) | B5: 0 | C5: 0 | D5: 0 | E5: 0 | F5: 0 | G5: 0 | H5: 0 | I5: 0 | J5: 0 | K5: 0 | L5: 0
A7: 절단길이 = 반입길이 − 근입깊이 · 자재인정 = MIN(반입길이, 근입깊이 + 두부정리 여유) · 자재공제 = 반입길이 − 자재인정
A8: 판정: 여유 초과·반입<근입은 붉은 글씨로 표시됩니다. 노란 칸은 입력값, 흰 칸은 자동 계산입니다.

Sheet 수량·금액 정산
A1: 항목별 수량 대비 및 금액 정산
A2: PHC φ500 A종 · 작성 2026. 9. 26.
A3: 파일 자재 관급(금액 정산 제외) · 금액 단위 원
A4: 항목 | B4: 단위 | C4: 설계 수량 | D4: 실시공 수량 | E4: 증감 | F4: 적용 단가 | G4: 단가 구분 | H4: 증감 금액 | I4: 증감 사유
A5: 천공(토사) | B5: m | C5: 0 | D5: 0 | E5: =ROUND(D5-C5,2) -> 0 | F5: 0 | G5: 계약단가 | H5: =ROUND(E5*F5,0) -> 0
A6: 천공(풍화암) | B6: m | C6: 0 | D6: 0 | E6: =ROUND(D6-C6,2) -> 0 | F6: 0 | G6: 계약단가 | H6: =ROUND(E6*F6,0) -> 0
A7: 천공(연암 이상) | B7: m | C7: 0 | D7: 0 | E7: =ROUND(D7-C7,2) -> 0 | F7: 0 | G7: 계약단가 | H7: =ROUND(E7*F7,0) -> 0
A8: 파일 근입 | B8: m | C8: 0 | D8: 0 | E8: =ROUND(D8-C8,2) -> 0 | F8: 0 | G8: 계약단가 | H8: =ROUND(E8*F8,0) -> 0
A9: PHC 파일 자재 | B9: m | C9: 0 | D9: 0 | E9: =ROUND(D9-C9,2) -> 0 | F9: 0 | G9: 계약단가 | H9: =IF('개요'!$B$16="관급","관급 제외",ROUND(E9*F9,0)) -> 관급 제외
A10: 두부정리 | B10: 개소 | C10: 0 | D10: 0 | E10: =ROUND(D10-C10,2) -> 0 | F10: 0 | G10: 계약단가 | H10: =ROUND(E10*F10,0) -> 0
A11: 말뚝 이음 | B11: 개소 | C11: 0 | D11: 0 | E11: =ROUND(D11-C11,2) -> 0 | F11: 0 | G11: 계약단가 | H11: =ROUND(E11*F11,0) -> 0
A12: 보강말뚝 | B12: 본 | C12: 0 | D12: 0 | E12: =ROUND(D12-C12,2) -> 0 | F12: 0 | G12: 계약단가 | H12: =ROUND(E12*F12,0) -> 0
A13: 동재하시험 | B13: 회 | C13: 0 | D13: 0 | E13: =ROUND(D13-C13,2) -> 0 | F13: 0 | G13: 계약단가 | H13: =ROUND(E13*F13,0) -> 0
A14: 직접공사비 소계 | H14: =SUM(H5:H13) -> 0
A15: 제경비 | B15: % | C15: 0 | H15: =ROUND(H14*C15/100,0) -> 0
A16: 부가가치세 | B16: % | C16: 10 | H16: =ROUND((H14+H15)*C16/100,0) -> 0
A17: 정산 증감 합계 | H17: =H14+H15+H16 -> 0
A19: 기존 비목의 수량 증감은 계약단가, 설계에 없던 비목은 설계변경 당시 산정단가 × 낙찰률 범위에서 협의단가를 적용합니다.
A20: 실시공 수량(흰 칸)은 본별 항타기록 시트에서 자동 집계됩니다. 보강말뚝·동재하시험은 직접 입력합니다.

Sheet 관급자재
A1: 관급 PHC 파일 수불 대사
A2: PHC φ500 A종 · 작성 2026. 9. 26.
A4: 구분 | B4: 값 | C4: 단위
A5: 규격 | B5: PHC φ500 A종
A6: 납품 본수 | B6: 0 | C6: 본
A7: 본당 길이 | B7: 0 | C7: m
A8: 납품 길이 | B8: =B6*B7 -> 0 | C8: m
A9: 현장 반입(사용) 길이 | B9: 0 | C9: m
A10: 인정 사용 길이 | B10: 0 | C10: m
A11: 여유 초과 절단(공제 대상) | B11: 0 | C11: m
A12: 미사용 본수 | B12: =MAX(0,B6-'개요'!B20) -> 0 | C12: 본
A13: 정산 잔량 | B13: =ROUND(B8-B10,2) -> 0 | C13: m
A14: 잔량 처리 방법 | B14: 반납
A16: 납품 수량은 납품검사조서, 사용 수량은 반입검수부·항타기록부와 대사합니다. 계약상대자 귀책 파손분은 변상 또는 공제 대상입니다.

Sheet 증빙·검토의견
A1: 증빙서류 확인 및 검토 의견
A2: PHC φ500 A종 · 작성 2026. 9. 26.
A4: 1. 증빙서류 확인
A5: 번호 | B5: 증빙서류 | E5: 확인
A6: 1 | B6: 시항타 결과 보고서 및 실정보고 승인 공문 | E6: 미확인
A7: 2 | B7: 지반조사 보고서(주상도)와 실제 굴착 지층 비교 | E7: 미확인
A8: 3 | B8: 본별 항타기록부(감독자 확인 서명) | E8: 미확인
A9: 4 | B9: 자재 반입검수부 및 품질시험성적서 | E9: 미확인
A10: 5 | B10: 관급자재 납품검사조서 및 수불부 | E10: 미확인
A11: 6 | B11: 두부정리 측량 기록(절단 전후 레벨) | E11: 미확인
A12: 7 | B12: 용접 이음 검사 기록 | E12: 미확인
A13: 8 | B13: 동재하·정재하 시험성적서 | E13: 미확인
A14: 9 | B14: 시공 사진(천공깊이, 근입, 두부정리 전후) | E14: 미확인
A15: 10 | B15: 말뚝 위치 측량 성과 및 보강말뚝 발생 사유서 | E15: 미확인
A16: 11 | B16: 절단 잔재 폐기물 처리 확인서 | E16: 미확인
A17: 12 | B17: 설계변경 수량산출서·내역서 | E17: 미확인
A19: 2. 검토 의견
A20: 번호 | B20: 검토 항목 | C20: 검토 결과 | E20: 판정
A21: 1 | B21: 정산 기준의 사전 확정 여부
A22: 2 | B22: 천공·근입 수량의 근거
A23: 3 | B23: 자재 인정 길이(여유 초과분 공제)
A24: 4 | B24: 단가 적용(계약단가·협의단가 구분)
A25: 5 | B25: 관급자재 잔량 처리
A26: 6 | B26: 보강말뚝 귀책 판단
A28: 3. 종합 의견 및 조치사항
A31: 4. 확인
B32: 구분 | C32: 소속 | D32: 직급 | E32: 성명(서명)
A33: 1 | B33: 작성(감독)
A34: 2 | B34: 검토
A35: 3 | B35: 확인
A36: 4 | B36: 계약상대자 현장대리인
