Workbook

Sheet 사업비 구분(안)
A1: 이설, 복합시설 구분
F4: (면적단위: M2)
A5: 구 분 | B5: 이설 | D5: 복합시설 | E5: 계 | F5: 비고
B6: 본관동 | C6: 연립사택
A7: 연면적 | B7: ='도초초 이설 소요예상액'!G33 -> 2444.4 | C7: ='도초초 이설 소요예상액'!G35 -> 1100 | D7: ='도초초 이설 소요예상액'!G48 -> 2951.2 | E7: =B7+D7 -> 5395.6
A8: 건축면적 | B8: =B7/2 -> 1222.2 | C8: =C7/3 -> 366.66667 | D8: =D7/3 -> 983.73333 | E8: =B8+D8 -> 2205.9333 | F8: 이설: 2층, 연립사택: 3층 복합시설: 3층
A9: 비율 | B9: =(B7+C7)/(B7+C7+D7) -> 0.54566168 | D9: =D7/(D7+C7+B7) -> 0.45433832
F12: (면적단위: M2)
A13: 구 분 | B13: 이설 | C13: 연립사택 | D13: 복합시설 | E13: 계 | F13: 비고
A14: 건축공사비 | B14: ='도초초 이설 소요예상액'!I33 -> 7134696 | C14: ='도초초 이설 소요예상액'!I35 -> 3928125 | D14: ='도초초 이설 소요예상액'!I48 -> 11405714 | E14: =B14+C14+D14 -> 22468535
A15: 기타시설비 | B15: ='도초초 이설 소요예상액'!I61 -> 2166501.1 | D15: ='도초초 이설 소요예상액'!I65 -> 727527 | E15: =B15+D15 -> 2894028.1
A16: 토목공사비 | B16: ='도초초 이설 소요예상액'!I74 -> 2643544.1 | D16: ='도초초 이설 소요예상액'!I76 -> 462500 | E16: =B16+C16+D16 -> 3106044.1
A17: 용역비 | B17: ='도초초 이설 소요예상액'!I90*B9 -> 2244568.6 | D17: ='도초초 이설 소요예상액'!I90*D9 -> 1868911.7 | E17: =B17+D17 -> 4113480.3
A18: 부대비 | B18: ='도초초 이설 소요예상액'!I92*B9 -> 35728.724 | D18: ='도초초 이설 소요예상액'!I92*D9 -> 29749.072 | E18: =B18+D18 -> 65477.797
A19: 수수료 | B19: ='도초초 이설 소요예상액'!I83*B9 -> 65479.401 | D19: ='도초초 이설 소요예상액'!I83*D9 -> 54520.599 | E19: =B19+D19 -> 120000
A20: 철거비
A21: 이전비
A22: 교재교구비 | B22: 541890 | D22: 230000 | E22: =B22+D22 -> 771890 | F22: 7학급 448,516천원 / 병설유2학급 93,374천원
A23: 예비비 | B23: =('도초초 이설 소요예상액'!I97+'도초초 이설 소요예상액'!I100)*10% -> 3353945.5 | E23: =B23+D23 -> 3353945.5 | F23: 예비비 10%
A24: 합계 | B24: =SUM(B14:B23) -> 18186353 | C24: =SUM(C14:C23) -> 3928125 | D24: =SUM(D14:D23) -> 14778922 | E24: =SUM(E14:E23) -> 36893401
E25: (면적단위: M2)
A26: 재원구분 | B26: 이설+연립사택 | C26: 복합시설 | D26: 계 | E26: 비고
A27: 교육부 | C27: =E35 -> 9743541.3 | D27: =B27+C27 -> 9743541.3 | E27: 지원비 산정 단가 기준 상 총사업비의 70%(인구감소지역, 150억 미만)
A28: 신안군 | B28: 3000000 | C28: =(D24-C27)*50% -> 2517690.6 | D28: =B28+C28 -> 5517690.6 | E28: 이설(30억), 복합시설(교육부 지원비 제외 50%)
A29: 도교육청 | B29: =B24-B28+C24 -> 19114478 | C29: =(D24-C27)*50% -> 2517690.6 | D29: =B29+C29 -> 21632169 | E29: 이설(30억 제외한 나머지 금액), 복합시설(교육부 지원비 제외 50%)
A30: 합계 | B30: =SUM(B27:B29) -> 22114478 | C30: =SUM(C27:C29) -> 14778922 | D30: =SUM(D27:D29) -> 36893401
A32: 복합시설 교육부 지원비 기준 단가(2026년 지침)
E33: (금액단위: 천원, 면적단위: M2)
A34: 시설용도 | B34: 지원비 기준단가 | C34: 면적 | D34: 금액 | E34: 교육부 지원금액 산출
A35: 수영장 | B35: 6076 | D35: =B35*C35 -> 0 | E35: =D42*70% -> 9743541.3
A36: 체육관 | B36: 4987 | C36: ='도초초 이설 소요예상액'!G47 -> 1360 | D36: =B36*C36 -> 6782320
A37: 도서관 | B37: 4457 | C37: ='도초초 이설 소요예상액'!G37+'도초초 이설 소요예상액'!G38+'도초초 이설 소요예상액'!G39 -> 544.95 | D37: =B37*C37 -> 2428842.2
A38: 교육 및 기타시설 | B38: 4058 | C38: ='도초초 이설 소요예상액'!G36+'도초초 이설 소요예상액'!G41+'도초초 이설 소요예상액'!G42+'도초초 이설 소요예상액'!G43 -> 1046.25 | D38: =B38*C38 -> 4245682.5
A39: (지하)주차장 | B39: 3883 | D39: =B39*C39 -> 0
A40: 리모델링 | B40: 용도별 기준 60%이내
A41: 옥외공간 | B41: 실소요액 | D41: ='도초초 이설 소요예상액'!I76 -> 462500
A42: 합계 | C42: =SUM(C35:C41) -> 2951.2 | D42: =SUM(D35:D41) -> 13919345
A43: ※ 시설용도별 지원비 산정 기준 단가 기준으로 사업비 총액에 지원비율을 적용하여 교부
A44: (총사업비 = 시설용도별 지원비 산정 기준 단가 × 용도별 면적)

Sheet 도초초 이설 소요예상액
A1: 도초초 이설 소요예상액
A2: ∙ 초등학교 7학급(62명, 특수 1학급 포함), 병설유치원 2학급
A3: ∙ 2026년도 시설단가 적용 (도서할증 25% 반영)
A4: ∙ 비품비, 이사비 등 제외 | J4: (금액단위: 천원)
A5: 구 분 | D5: 단위 | E5: 소요면적 | H5: 소요예상액 | J5: 비고
E6: 실수 | F6: 단위면적 | G6: 면적(㎡) | H6: 단가 | I6: 금액
A7: 부지매입비
A8: 교실영역 | B8: 일반교실 | C8: 보통교실 | D8: 실 | E8: 6 | F8: 60.75 | G8: 364.5 | H8: =시설단가!E104*1.25 -> 2808.75 | I8: =G8*H8 -> 1023789.4 | J8: 신축, 도서할증 25% 적용
C9: 유치원교실 | D9: 실 | E9: 2 | F9: 60.75 | G9: 121.5 | H9: =H8 -> 2808.75 | I9: =G9*H9 -> 341263.12
C10: 특수교실 | D10: 실 | E10: 1 | F10: 60.75 | G10: 60.75 | H10: =H8 -> 2808.75 | I10: =G10*H10 -> 170631.56
C11: 소계 | E11: =SUM(E8:E10) -> 9 | F11: 182.25 | G11: =SUM(G8:G10) -> 546.75 | I11: =SUM(I8:I10) -> 1535684.1
C12: 과학실 | D12: 실 | E12: 1 | F12: 135 | G12: 135 | H12: =H8 -> 2808.75 | I12: =G12*H12 -> 379181.25
C13: 교사연구실 | D13: 실 | E13: 2 | F13: 60.75 | G13: 121.5 | H13: =H8 -> 2808.75 | I13: =G13*H13 -> 341263.12 | J13: 유·초
C14: 소계 | E14: =SUM(E12:E13) -> 3 | G14: =SUM(G12:G13) -> 256.5 | I14: =SUM(I12:I13) -> 720444.38
B15: 교실영역 계(A) | E15: =E11+E14 -> 12 | G15: =G11+G14 -> 803.25 | I15: =I11+I14 -> 2256128.4
A16: 지원영역 | B16: 휴게시설 | C16: 교직원휴게실 | D16: 실 | E16: 2 | F16: 30 | G16: =E16*F16 -> 60 | H16: =H8 -> 2808.75 | I16: =G16*H16 -> 168525 | J16: 남·여
C17: 학생탈의/샤워실 | D17: 실 | E17: 2 | F17: 30 | G17: =E17*F17 -> 60 | H17: =H8 -> 2808.75 | I17: =G17*H17 -> 168525 | J17: 남·여
C18: 소계 | E18: =SUM(E16:E17) -> 4 | G18: =SUM(G16:G17) -> 120 | I18: =SUM(I16:I17) -> 337050
B19: 급식시설 | C19: 급식실(식당) | D19: 실 | E19: 1 | F19: 120 | G19: 120 | H19: =시설단가!E22*1.25 -> 3112.5 | I19: =G19*H19 -> 373500
C20: 급식실(조리실) | D20: 실 | E20: 1 | F20: 90 | G20: 90 | H20: =시설단가!E23*1.25 -> 5392.5 | I20: =G20*H20 -> 485325
C21: 소계 | E21: =SUM(E19:E20) -> 2 | G21: =SUM(G19:G20) -> 210 | I21: =SUM(I19:I20) -> 858825
B22: 관리·행정시설 | C22: 교장실 | D22: 실 | E22: 1 | F22: 60.75 | G22: 60.75 | H22: =H8 -> 2808.75 | I22: =G22*H22 -> 170631.56
C23: 교무실 | D23: 실 | E23: 1 | F23: 60.75 | G23: 60.75 | H23: =H8 -> 2808.75 | I23: =G23*H23 -> 170631.56
C24: 행정실 | D24: 실 | E24: 1 | F24: 60.75 | G24: 60.75 | H24: =H8 -> 2808.75 | I24: =G24*H24 -> 170631.56
C25: 문서(보관)실 | D25: 실 | E25: 1 | F25: 60.75 | G25: 60.75 | H25: =H8 -> 2808.75 | I25: =G25*H25 -> 170631.56
C26: 상담실(Wee) | D26: 실 | E26: 1 | F26: 60.75 | G26: 60.75 | H26: =H8 -> 2808.75 | I26: =G26*H26 -> 170631.56
C27: 방송실 | D27: 실 | E27: 1 | F27: 30 | G27: 30 | H27: =H8 -> 2808.75 | I27: =G27*H27 -> 84262.5
C28: 보건실 | D28: 실 | E28: 1 | F28: 60.75 | G28: 60.75 | H28: =H8 -> 2808.75 | I28: =G28*H28 -> 170631.56
C29: 소계 | E29: =SUM(E22:E28) -> 7 | G29: =SUM(G22:G28) -> 394.5 | I29: =SUM(I22:I28) -> 1108051.9
B30: 지원영역 계(B) | E30: =E18+E21+E29 -> 13 | G30: =G18+G21+G29 -> 724.5 | I30: =I18+I21+I29 -> 2303926.9
A31: 교사동 집계 | B31: 교사동 순면적 계(C=A+B) | E31: 23 | G31: =G15+G30 -> 1527.75 | I31: =I15+I30 -> 4560055.3
B32: 공유면적(D) | D32: % | F32: 60% | G32: =G31*F32 -> 916.65 | H32: =H8 -> 2808.75 | I32: =G32*H32 -> 2574640.7
B33: 교사동 연면적 계(E=C+D) | E33: =E31 -> 23 | G33: =G31+G32 -> 2444.4 | I33: =I31+I32 -> 7134696
A34: 부속시설 | B34: 사택 | C34: 연립사택 | D34: 세대 | E34: 20 | F34: 55 | G34: =E34*F34 -> 1100 | H34: =시설단가!E87*1.25 -> 196406.25 | I34: =E34*H34 -> 3928125
B35: 부속시설 연면적 계(F) | E35: =E34 -> 20 | G35: =G34 -> 1100 | I35: =I34 -> 3928125
A36: 복합시설 | B36: 늘봄시설 | C36: 돌봄교실 | D36: 실 | E36: 3 | F36: 60.75 | G36: =E36*F36 -> 182.25 | H36: 3382 | I36: =ROUNDDOWN(G36*H36,0) -> 616369 | J36: 교육부 지원단가 적용
C37: 도서실 | D37: 실 | E37: 3 | F37: 60.75 | G37: =E37*F37 -> 182.25 | H37: 3714 | I37: =ROUNDDOWN(G37*H37,0) -> 676876 | J37: 기초파일, 냉난방 등 포함
C38: 자료실 | D38: 실 | E38: 3 | F38: 30 | G38: =E38*F38 -> 90 | H38: 3382 | I38: =ROUNDDOWN(G38*H38,0) -> 304380
C39: 공용면적 | D39: 식 | E39: 1 | F39: 0.6 | G39: =SUM(G36:G38)*F39 -> 272.7 | H39: =H36 -> 3382 | I39: =ROUNDDOWN(G39*H39,0) -> 922271
C40: 소계 | E40: 10 | G40: =SUM(G36:G39) -> 727.2 | I40: =SUM(I36:I39) -> 2519896
B41: 평생교육시설 | C41: 동아리실 | D41: 실 | E41: 3 | F41: 90 | G41: =E41*F41 -> 270 | H41: 3382 | I41: =G41*H41 -> 913140 | J41: 영어교실, 다목적실 등
C42: 다목적강의실 | D42: 실 | E42: 1 | F42: 270 | G42: =E42*F42 -> 270 | H42: 3382 | I42: =G42*H42 -> 913140
C43: 공용면적 | D43: 식 | F43: 0.6 | G43: =SUM(G41:G42)*F43 -> 324 | H43: 3382 | I43: =G43*H43 -> 1095768
C44: 소계 | E44: 5 | G44: =SUM(G41:G43) -> 864 | I44: =SUM(I41:I43) -> 2922048
B45: 체육시설 | C45: 다목적강당 | D45: 실 | E45: 1 | F45: 850 | G45: 850 | H45: 4987 | I45: =G45*H45 -> 4238950
C46: 공용면적 | D46: 식 | F46: 0.6 | G46: =SUM(G45)*F46 -> 510 | H46: =H43 -> 3382 | I46: =G46*H46 -> 1724820
C47: 소계 | E47: 1 | G47: =SUM(G45:G46) -> 1360 | I47: =SUM(I45:I46) -> 5963770
B48: 복합시설 소계(G) | G48: =G40+G44+G47 -> 2951.2 | I48: =I40+I44+I47 -> 11405714
A49: 건축공사비 계(J=E+F+G) | E49: =E33+E35 -> 43 | G49: =G33+G35+G48 -> 6495.6 | I49: =I33+I35+I48 -> 22468535
A50: 기타시설(교사동) | C50: 기초파일 | D50: 실 | E50: =ROUNDDOWN((G33+G35)/3/90,0) -> 13 | H50: =시설단가!E106/20*1.25 -> 33064.875 | I50: =E50*H50 -> 429843.38
C51: 환기설비 | D51: 실 | E51: =E33 -> 23 | H51: =4500*1.25 -> 5625 | I51: =E51*H51 -> 129375
C52: 수전설비 | D52: 식 | E52: 1 | H52: =시설단가!E70*1.25 -> 169203.75 | I52: =E52*H52 -> 169203.75 | J52: 300kVA이상
C53: 냉난방 | D53: 실 | E53: =E35 -> 20 | H53: =시설단가!E61*1.25 -> 8866.25 | I53: =E53*H53 -> 177325
C54: 엘리베이터 | D54: 개소 | E54: 1 | H54: 100000 | I54: =E54*H54 -> 100000
C55: 교문 | D55: 개소 | E55: 1 | H55: =시설단가!E80*1.25 -> 34815 | I55: =E55*H55 -> 34815
C56: 조회대 | D56: 대 | E56: 1 | H56: =시설단가!E78*1.25 -> 82267.5 | I56: =E56*H56 -> 82267.5
C57: 국기게양대 | D57: 대 | E57: 1 | H57: 10000 | I57: =E57*H57 -> 10000
C58: 무선 AP | D58: 식 | E58: 1 | H58: =시설단가!E122*1.25 -> 33450 | I58: =E58*H58 -> 33450 | J58: 6학급이하
C59: 신재생에너지 | D59: ㎡ | E59: =G33+G35 -> 3544.4 | H59: =시설단가!E117*1.25 -> 178.75 | I59: =E59*H59 -> 633561.5
C60: 공간재구조화 | D60: ㎡ | E60: =G33 -> 2444.4 | H60: 150 | I60: =E60*H60 -> 366660
C61: 소계 | I61: =SUM(I50:I60) -> 2166501.1
C62: 엘리베이터 | D62: 개소 | E62: 1 | H62: 100000 | I62: =E62*H62 -> 100000
C63: 무대기계장치 | D63: 대 | E63: 1 | H63: 100000 | I63: =E63*H63 -> 100000
C64: 신재생에너지 | D64: ㎡ | E64: =G48 -> 2951.2 | H64: =시설단가!E117*1.25 -> 178.75 | I64: =E64*H64 -> 527527
C65: 소계 | I65: =SUM(I62:I64) -> 727527
A66: 기타시설 계(K) | I66: =I61+I65 -> 2894028.1
A67: 토목공사 | B67: 토목 | C67: 부지조성비 | D67: ㎡ | E67: 20000 | H67: 30 | I67: =E67*H67 -> 600000 | J67: 부지정지 포함(축소)
C68: 배수시설 | D68: m | E68: 375.07 | H68: =시설단가!E40*1.25 -> 630 | I68: =E68*H68 -> 236294.1
C69: 포장(보도,차도) | D69: ㎡ | E69: 3000 | H69: =시설단가!E52*1.25 -> 157.5 | I69: =E69*H69 -> 472500 | J69: 대지면적의 20%
C70: 조경 | D70: ㎡ | E70: 3000 | H70: 125 | I70: =E70*H70 -> 375000 | J70: 대지면적의 20%
C71: 폐기물처리비 | D71: 식 | E71: 1 | H71: 400000 | I71: =E71*H71 -> 400000 | J71: 기존 운동장트랙 처리
C72: 정화조 | D72: 식 | E72: 1 | H72: 150000 | I72: =E72*H72 -> 150000
C73: 담장 | D73: m | E73: 550 | H73: =시설단가!E56*1.25 -> 745 | I73: =E73*H73 -> 409750 | J73: 적벽돌담(H=1.7m)
C74: 소계 | I74: =SUM(I67:I73) -> 2643544.1
B75: 축구장 | C75: 운동장 | D75: ㎡ | E75: 2000 | H75: =시설단가!E113*1.25 -> 231.25 | I75: =E75*H75 -> 462500 | J75: 천연잔디
C76: 소계 | I76: =I75 -> 462500
A77: 토목공사 계(L) | I77: =I74+I76 -> 3106044.1
A78: 시설비 합계(M=J+K+L) | I78: =I49+I66+I77 -> 28468607
A79: 수수료 | C79: 상수도인입비 | D79: 식 | E79: 1 | H79: 20000 | I79: =E79*H79 -> 20000
C80: 한전불입금 | D80: 식 | E80: 1 | H80: 30000 | I80: =E80*H80 -> 30000
C81: 인증수수료(예비,본인증) | D81: 회 | E81: 2 | H81: 30000 | I81: =E81*H81 -> 60000
C82: 실내공기질측정 | D82: 식 | E82: 1 | H82: 10000 | I82: =E82*H82 -> 10000
C83: 소계(N) | I83: =SUM(I79:I82) -> 120000
A84: 용역비 | C84: 설계비 | D84: 식 | G84: =I78 -> 28468607 | H84: =4.1%+(I78-20000000)/(30000000-20000000)*(4.03%-4.1%) -> 0.040407197 | I84: =G84*H84 -> 1150336.6
C85: 인증비용 | D85: 식 | G85: 40000 | H85: 1식 | I85: =G85 -> 40000
C86: 사전기획 | D86: 식 | G86: =I84*60%*H86 -> 55216.158 | H86: 0.08 | I86: =G86 -> 55216.158 | J86: 건축설계비의 8%
C87: 설계경제성(VE)검토 | D87: 식 | G87: =I78 -> 28468607 | H87: 1식 | I87: =I78*0.0012*1.4 -> 47827.26 | J87: 시설비*0.12%*1.4
C88: 건설사업관리용역 | D88: 식 | G88: =I78 -> 28468607 | H88: 7.62% | I88: =G88*H88 -> 2169307.9
C89: 감리비(전기,통신,소방) | D89: 식 | H89: 0.3 | I89: =I88*30% -> 650792.36 | J89: 건설사업관리 30%
C90: 소계(O) | D90: 식 | I90: =SUM(I84:I89) -> 4113480.3
A91: 수수료+용역비 | C91: 합계 | I91: =I83+I90 -> 4233480.3
A92: 시설부대비(P) | G92: =I78 -> 28468607 | H92: 0.23% | I92: =G92*H92 -> 65477.797
A93: 철거비 | I93: -
A94: 이전비 | I94: -
A95: 교재교구비 | I95: ='사업비 구분(안)'!E22 -> 771890
A96: 총계 | B96: 부지매입비 | I96: =I7 -> 0
B97: 시설비 | I97: =I78+I91+I92 -> 32767565
B98: 철거비 | I98: =I93 -> -
B99: 이전비 | I99: -
B100: 교재교구비 | I100: =I95 -> 771890
...

Sheet 시설단가
A1: (단위: 천원)
A2: 품명 | B2: 규격 | C2: 단위 | D2: 기준면적 | E2: 단가 | F2: 환산 | G2: 비고
A3: ■ 개축 및 보수
A4: ○ 교실개축 | B4: 90㎡기준(철거포함), 석면철거 제외 | C4: ㎡ | E4: 183189
A5: ○ 건물철거(일반) | B5: 90㎡기준 | C5: ㎡ | E5: 15846
A6: ○ 건물철거(석면) | B6: 90㎡기준 | C6: ㎡ | E6: 9176
A7: ○ 노후교실중수 | B7: 90㎡기준 [바닥, 창호(내·외부), 천장, 도장(내·외부) 포함] | C7: ㎡ | E7: 57665
A8: ○ 화장실중수 | B8: 45㎡(10칸)기준 | C8: ㎡ | E8: 96282
A9: ○ 화장실보수 | B9: 45㎡(10칸)기준(배관, 위생기구 제외) | C9: ㎡ | E9: 62327
A10: ○ 사택중수 | B10: 45㎡기준 | C10: ㎡ | E10: 44444
B11: 33㎡기준 | C11: ㎡ | E11: 28617
A12: ○ 교실누수보수 | B12: 지붕(실당90㎡기준) | C12: ㎡ | E12: 13928
B13: 벽체(실당90㎡기준) | C13: ㎡ | E13: 1990
A14: ○ 창고중수 | B14: 33㎡기준 | C14: ㎡ | E14: 9552
A15: ○ 숙직실중수 | B15: 33㎡기준 | C15: ㎡ | E15: 19923
A16: ○ 창호보수(90㎡기준) | B16: 교실출입문 2개소 | C16: ㎡ | E16: 4919
A17: [에너지 소비 효율 제품 적용] | B17: 교실출입문 2개소, 복도창 2개소 | C17: ㎡ | E17: 8591
B18: 외부창(이중창) | C18: ㎡ | E18: 25838
B19: 교실전체창(출입문, 복도, 외부 이중창) | C19: ㎡ | E19: 32928
A20: ○ 교실도장(90㎡기준) | B20: 내부(2회칠 기준) | C20: ㎡ | E20: 1839
B21: 외부(방수 제외, 2회칠 기준) | C21: ㎡ | E21: 1687
A22: ○ 급식실개축(㎡당) | B22: 식당(철거 제외) | C22: ㎡ | E22: 2490
B23: 조리실(철거 제외) | C23: ㎡ | E23: 4314
A24: ○ 급식실중수(㎡당) | B24: 식당 | C24: ㎡ | E24: 677
B25: 조리실 | C25: ㎡ | E25: 1529
A26: ○ 교실벽체보수(90㎡기준) | B26: 페인트외 타재료 마감(적벽돌, 복합패널 등) | C26: ㎡ | E26: 24616
A27: ○ 교실바닥보수(90㎡기준) | B27: 동바리기초, 교실 및 복도 후로링 | C27: ㎡ | E27: 22895
B28: 동바리기초, 교실 및 복도 PVC 타일 | C28: ㎡ | E28: 17085
B29: 콘크리트바닥, 교실 후로링, 복도 PVC 타일 | C29: ㎡ | E29: 15590
B30: 콘크리트바닥, 교실 및 복도 PVC 타일 | C30: ㎡ | E30: 13412
B31: 콘크리트바닥, 교실 이중 바닥재, 복도 PVC 타일 | C31: ㎡ | E31: 23232
B32: 1층 1개소 계단실, 고무타일 40㎡ 기준 | C32: ㎡ | E32: 5255
A33: ○ 천장보수(90㎡기준) | B33: 마감층, 단열재 교체 포함 | C33: ㎡ | E33: 12821
B34: 일반층 | C34: ㎡ | E34: 8658
B35: 일반층, 석면철거 포함 | C35: ㎡ | E35: 16613
B36: 일반층, 석면철거 및 전기시설 포함 | C36: ㎡ | E36: 21574
A37: ■ 토목·설비
A38: ○ 배수로시설, 콘크리트(m당) | B38: 0.3 × 0.3m | C38: m | E38: 315
B39: 0.4 × 0.4m | C39: m | E39: 367
B40: 0.4 × 0.4m, 스틸그레이팅 | C40: m | E40: 504
A41: ○ 스탠드시설(m당) | B41: 2단(배수로 포함) | C41: m | E41: 695
B42: 3단(배수로 포함) | C42: m | E42: 827
B43: 4단(배수로 포함) | C43: m | E43: 936
A44: ○ 오수정화조 | B44: 5톤용 | C44: 개소 | E44: 33348
B45: 10톤용 | C45: 개소 | E45: 46003
B46: 20톤용 | C46: 개소 | E46: 89030
B47: 30톤용 | C47: 개소 | E47: 113283
B48: 40톤용 | C48: 개소 | E48: 156381
A49: ○ 우천로포장(콘크리트) | B49: T 15cm(㎡당) | C49: ㎡ | E49: 71
B50: T 12cm(아스콘) | C50: ㎡ | E50: 98
B51: 고압블럭(보도) | C51: ㎡ | E51: 85
B52: 고압블럭(차도) | C52: ㎡ | E52: 126
A53: ○ 옹벽시설(㎡당) | B53: 옹벽 기초높이 1m 추가산출 포함 | C53: ㎡ | E53: 438
A54: ○ 지하수개발 | B54: H : 80m기준 | C54: 개소 | E54: 55308
A55: ○ 운동장성토(㎡당) | B55: T : 20cm기준 | C55: ㎡ | E55: 32
A56: ○ 담장시설(m당) | B56: 적벽돌 담(H=1.7m기준) | C56: m | E56: 596
B57: 휀스(H=1.7m기준) | C57: m | E57: 222
B58: 조경석(㎡기준) | C58: ㎡ | E58: 882
A59: ○ 음용수, 저수조 | B59: 옥상수조, 스테인리스(개소당) | C59: 개소 | E59: 25448
A60: ○ 냉·난방신설 | B60: 1실[EHP(전기), 전기시설 미포함] | C60: 실 | E60: 6685
B61: 1실[EHP(전기), 전기시설 포함] | C61: 실 | E61: 7093
B62: 1실[EHP(전기), GHP(가스) 전기시설 미포함] | C62: 실 | E62: 7093
B63: 1실[EHP(전기), GHP(가스) 전기시설 포함] | C63: 실 | E63: 7502
A64: ○ 냉·난방교체 | B64: 1실[EHP(전기), 철거포함, 전기시설 미포함] | C64: 실 | E64: 6966
B65: 1실[EHP(전기), 철거포함, 전기시설 포함] | C65: 실 | E65: 7373
B66: 1실[EHP(전기), GHP(가스)혼용, 철거포함, 전기시설 미포함] | C66: 실 | E66: 7373
B67: 1실[EHP(전기), GHP(가스)혼용, 철거포함, 전기시설 포함] | C67: 실 | E67: 7781
A68: ○ 수전설비 | B68: 200kVA 이하(7~20실) | C68: 개소 | E68: 130544
B69: 300kVA 이하(21~35실) | C69: 개소 | E69: 132460
B70: 300kVA 이상(36실 이상) | C70: 개소 | E70: 135363
A71: ○ 승압시설 | B71: 보통교실 기준(실당) | C71: 실 | E71: 2381
B72: 변압기용량증설 | C72: 개소 | E72: 60088
A73: ○ 전등교체 | B73: LED, 교실 9등, 복도 1등(배관, 배선 포함) | C73: 실 | E73: 3930
A74: ○ 도복도(포장 포함) | B74: 폭 2.4m, 1m당 | C74: m | E74: 1178
B75: 폭 2.0m, 1m당 | C75: m | E75: 1058
B76: 폭 1.5m, 1m당 | C76: m | E76: 882
B77: 차량통행, 개소당 | C77: 개소 | E77: 8917
A78: ○ 조회대시설 | B78: 지붕설치 | C78: 개소 | E78: 65814
B79: 지붕미설치 | C79: 개소 | E79: 43325
A80: ○ 교문시설 | B80: 스탠드자바라기준 | C80: 개소 | E80: 27852
A81: ■ 증축
A82: ○ 현관증축(개소) | B82: 철콘, 55㎡기준 | C82: ㎡ | E82: 100658
A83: ○ 독립관사(1동) | B83: 조적슬래브, 온돌난방, 38㎡ | C83: 동 | E83: 120129
B84: 조적슬래브, 온돌난방, 42㎡ | C84: 동 | E84: 130032
B85: 조적슬래브, 온돌난방, 48㎡ | C85: 동 | E85: 145048
B86: 조적슬래브, 온돌난방, 58㎡ | C86: 동 | E86: 169774
A87: ○ 연립관사(1세대) | B87: 철콘, 온돌난방, 9세대용, 500㎡, 세대당 55㎡기준 | C87: 세대 | D87: 9 | E87: 157125
A88: ○ 창고증축 | B88: 66㎡(조적슬래브) | C88: ㎡ | E88: 72956
B89: 59㎡(조립) | C89: ㎡ | E89: 50324
A90: ○ 화장실(1동) | B90: 45㎡기준 (난방, 설비, 기구 포함, 정화조 별도) | C90: ㎡ | E90: 176260
A91: ○ 숙직실(1동) | B91: 조적슬래브, 온돌난방, 33㎡기준 | C91: ㎡ | E91: 75917
A92: ○ 급식실증축(㎡당) | B92: 식당 | E92: 2419
B93: 조리실 | E93: 4204
A94: ○ 계단실증축 | B94: 1층용, 40㎡(개소당) | C94: ㎡ | E94: 70852
B95: 2층용, 80㎡(개소당) | C95: ㎡ | E95: 134892
B96: 3층용, 120㎡(개소당) | C96: ㎡ | E96: 205565
B97: 4층용, 160㎡(개소당) | C97: ㎡ | E97: 269577
A98: ■ 교실증축
A99: ○ 일반교실(90㎡) | B99: 비난방, 복도 포함 (흑판, 게시판, 신발장 제외) | E99: 162037
A100: ○ 특별교실(과학실, 음악실, 컴퓨터실 등 부대시설 제외) | B100: 비난방 90㎡(복도 포함) | C100: ㎡ | E100: 173975
...
